-- 봉선장 프로덕션 데이터베이스 시드 스크립트
-- 이 스크립트를 Replit Database 탭에서 실행하세요

-- 1. 배송 정책 (shipping_policies)
INSERT INTO shipping_policies (id, shipping_fee, description, is_active, created_at, updated_at) VALUES
(1, 0, '무료 배송', true, NOW(), NOW()),
(2, 3000, '기본 배송비', true, NOW(), NOW()),
(3, 5000, '도서산간 배송비', true, NOW(), NOW())
ON CONFLICT (id) DO NOTHING;

-- 2. 배너 위치 (banner_positions)
INSERT INTO banner_positions (id, code, name, sort_no, is_active) VALUES
(1, 'HOME_HERO', '홈/히어로', 1, true),
(2, 'HOME_MIDDLE', '홈/중간', 2, true),
(3, 'HOME_BOTTOM', '홈/하단', 3, true),
(4, 'HOME_EVENT', '홈/이벤트', 4, true),
(5, 'MYPAGE', '마이페이지', 5, true)
ON CONFLICT (id) DO NOTHING;

-- 3. 상품 카테고리 (product_categories)
INSERT INTO product_categories (id, name, "sortOrder", "isActive", "createdAt", "updatedAt") VALUES
('11111111-1111-1111-1111-111111111111', '제철수산', 1, true, NOW(), NOW()),
('22222222-2222-2222-2222-222222222222', '당일수산', 2, true, NOW(), NOW()),
('33333333-3333-3333-3333-333333333333', '손질수산', 3, true, NOW(), NOW()),
('44444444-4444-4444-4444-444444444444', '반건조/건조', 4, true, NOW(), NOW()),
('55555555-5555-5555-5555-555555555555', '젓갈/액젓', 5, true, NOW(), NOW())
ON CONFLICT (id) DO NOTHING;

-- 4. 노출 카테고리 (exposure_categories)
INSERT INTO exposure_categories (id, name, sort_order) VALUES
(9, '전체상품', 0),
(1, '베스트', 1),
(2, '신상품', 2),
(3, '바담은 제품', 3),
(4, 'MD추천!', 4),
(5, '이주의 상품', 5),
(6, '봉쿡 제품', 6),
(7, '봉선장 TV', 7),
(8, '봉선장''s Brand', 8)
ON CONFLICT (id) DO NOTHING;

-- 5. 상품 (products)
INSERT INTO products (id, name, base_price, stock_quantity, product_category_id, shipping_policy_id, detail_content, created_at, updated_at) VALUES
('a1111111-1111-1111-1111-111111111111', '활 전복 (대) 10미', 45000, 100, '11111111-1111-1111-1111-111111111111', 2, '싱싱한 완도산 활 전복입니다. 회, 구이, 찜 등 다양하게 즐기세요.', NOW(), NOW()),
('a2222222-2222-2222-2222-222222222222', '제철 꽃게 1kg', 35000, 50, '11111111-1111-1111-1111-111111111111', 2, '살이 꽉 찬 서해안 꽃게입니다. 찜, 탕에 최고!', NOW(), NOW()),
('a3333333-3333-3333-3333-333333333333', '생 문어 (중) 1마리', 28000, 80, '11111111-1111-1111-1111-111111111111', 2, '통통한 살이 일품인 생 문어입니다.', NOW(), NOW()),
('b1111111-1111-1111-1111-111111111111', '급랭 고등어 (손질) 5마리', 18000, 200, '22222222-2222-2222-2222-222222222222', 2, '노르웨이산 급랭 고등어, 손질 완료!', NOW(), NOW()),
('b2222222-2222-2222-2222-222222222222', '급랭 갈치 (특대) 3마리', 32000, 120, '22222222-2222-2222-2222-222222222222', 2, '제주산 은갈치를 급속 냉동했습니다.', NOW(), NOW()),
('b3333333-3333-3333-3333-333333333333', '급랭 연어 필렛 500g', 25000, 150, '22222222-2222-2222-2222-222222222222', 2, '신선한 노르웨이산 연어 필렛입니다.', NOW(), NOW()),
('c1111111-1111-1111-1111-111111111111', '손질 광어 (회용) 1마리', 38000, 60, '33333333-3333-3333-3333-333333333333', 2, '뼈를 발라 회로 바로 드실 수 있습니다.', NOW(), NOW()),
('c2222222-2222-2222-2222-222222222222', '손질 우럭 (매운탕용) 2마리', 22000, 90, '33333333-3333-3333-3333-333333333333', 2, '매운탕, 조림에 딱 좋은 손질 우럭!', NOW(), NOW()),
('c3333333-3333-3333-3333-333333333333', '손질 오징어 (볶음용) 500g', 15000, 180, '33333333-3333-3333-3333-333333333333', 2, '껍질 벗긴 손질 오징어입니다.', NOW(), NOW()),
('d1111111-1111-1111-1111-111111111111', '바담은 명란젓 500g', 28000, 100, '55555555-5555-5555-5555-555555555555', 1, '프리미엄 명란젓, 밥도둑!', NOW(), NOW()),
('d2222222-2222-2222-2222-222222222222', '바담은 오징어젓 300g', 18000, 120, '55555555-5555-5555-5555-555555555555', 1, '쫄깃한 오징어젓갈입니다.', NOW(), NOW()),
('d3333333-3333-3333-3333-333333333333', '바담은 낙지젓 300g', 22000, 80, '55555555-5555-5555-5555-555555555555', 1, '매콤한 낙지젓, 반찬으로 최고!', NOW(), NOW())
ON CONFLICT (id) DO NOTHING;

-- 6. 상품 옵션 (product_options) - 기본 옵션은 추가금액 0원
INSERT INTO product_options (id, product_id, option_name, option_value, price, sort_order, created_at) VALUES
(12, 'a1111111-1111-1111-1111-111111111111', '수량', '10미 (기본)', 0, 1, NOW()),
(13, 'a1111111-1111-1111-1111-111111111111', '수량', '15미 (+15,000원)', 15000, 2, NOW()),
(14, 'a2222222-2222-2222-2222-222222222222', '중량', '1kg (기본)', 0, 1, NOW()),
(15, 'a2222222-2222-2222-2222-222222222222', '중량', '2kg (+30,000원)', 30000, 2, NOW()),
(16, 'a3333333-3333-3333-3333-333333333333', '크기', '중 (기본)', 0, 1, NOW()),
(17, 'a3333333-3333-3333-3333-333333333333', '크기', '대 (+10,000원)', 10000, 2, NOW()),
(18, 'b1111111-1111-1111-1111-111111111111', '수량', '5마리 (기본)', 0, 1, NOW()),
(19, 'b2222222-2222-2222-2222-222222222222', '수량', '3마리 (기본)', 0, 1, NOW()),
(20, 'b3333333-3333-3333-3333-333333333333', '중량', '500g (기본)', 0, 1, NOW()),
(21, 'c1111111-1111-1111-1111-111111111111', '수량', '1마리 (기본)', 0, 1, NOW()),
(22, 'c2222222-2222-2222-2222-222222222222', '수량', '2마리 (기본)', 0, 1, NOW()),
(23, 'c3333333-3333-3333-3333-333333333333', '중량', '500g (기본)', 0, 1, NOW()),
(24, 'd1111111-1111-1111-1111-111111111111', '중량', '500g (기본)', 0, 1, NOW()),
(25, 'd1111111-1111-1111-1111-111111111111', '중량', '1kg (+25,000원)', 25000, 2, NOW()),
(26, 'd2222222-2222-2222-2222-222222222222', '중량', '300g (기본)', 0, 1, NOW()),
(27, 'd3333333-3333-3333-3333-333333333333', '중량', '300g (기본)', 0, 1, NOW())
ON CONFLICT (id) DO NOTHING;

-- 7. 상품 이미지 (product_images)
INSERT INTO product_images (id, "productId", "imageUrl", "imageType", "sortOrder", "isThumbnail", "createdAt") VALUES
('14d5689f-311d-4031-ac9f-39b090d11ddd', 'a1111111-1111-1111-1111-111111111111', 'https://images.unsplash.com/photo-1615141982883-c7ad0e69fd62?w=400', 'THUMBNAIL', 1, true, NOW()),
('74f52bd1-f857-4ad3-a126-2984879c59a6', 'a2222222-2222-2222-2222-222222222222', 'https://images.unsplash.com/photo-1559737558-2f5a35f4523b?w=400', 'THUMBNAIL', 1, true, NOW()),
('53ba54f5-647d-4858-ad8e-3f465485053e', 'a3333333-3333-3333-3333-333333333333', 'https://images.unsplash.com/photo-1545816250-e12db0587e1a?w=400', 'THUMBNAIL', 1, true, NOW()),
('c21cb0b6-2fdc-47bb-9b0b-e4ee29bd5281', 'b1111111-1111-1111-1111-111111111111', 'https://images.unsplash.com/photo-1544551763-46a013bb70d5?w=400', 'THUMBNAIL', 1, true, NOW()),
('59b723b6-9a02-4383-a705-ae2c2f984d68', 'b2222222-2222-2222-2222-222222222222', 'https://images.unsplash.com/photo-1519708227418-c8fd9a32b7a2?w=400', 'THUMBNAIL', 1, true, NOW()),
('82f01d3f-2d16-4d7a-ab47-8f4b1b994cda', 'b3333333-3333-3333-3333-333333333333', 'https://images.unsplash.com/photo-1574781330855-d0db8cc6a79c?w=400', 'THUMBNAIL', 1, true, NOW()),
('8b39b079-3247-44cf-be2b-232c0f1bb9fe', 'c1111111-1111-1111-1111-111111111111', 'https://images.unsplash.com/photo-1535140728325-a4d3707eee61?w=400', 'THUMBNAIL', 1, true, NOW()),
('1b65c98f-2ee1-4250-bac3-43d6f50d6221', 'c2222222-2222-2222-2222-222222222222', 'https://images.unsplash.com/photo-1510130387422-82bed34b37e9?w=400', 'THUMBNAIL', 1, true, NOW()),
('996930f0-46af-4ccc-b5c6-67c4754dc897', 'c3333333-3333-3333-3333-333333333333', 'https://images.unsplash.com/photo-1603133872878-684f208fb84b?w=400', 'THUMBNAIL', 1, true, NOW()),
('6c87b7f0-30c0-4bb4-8f31-442ece26888f', 'd1111111-1111-1111-1111-111111111111', 'https://images.unsplash.com/photo-1612929633738-8fe44f7ec841?w=400', 'THUMBNAIL', 1, true, NOW()),
('ae192739-9ded-4df4-baea-cbc97605c7f1', 'd2222222-2222-2222-2222-222222222222', 'https://images.unsplash.com/photo-1615141982883-c7ad0e69fd62?w=400', 'THUMBNAIL', 1, true, NOW()),
('270da241-3425-433c-b39f-eb6d21b3990a', 'd3333333-3333-3333-3333-333333333333', 'https://images.unsplash.com/photo-1559737558-2f5a35f4523b?w=400', 'THUMBNAIL', 1, true, NOW())
ON CONFLICT (id) DO NOTHING;

-- 8. 상품-노출카테고리 연결 (product_exposure_categories)
INSERT INTO product_exposure_categories (product_id, exposure_category_id) VALUES
('a1111111-1111-1111-1111-111111111111', 1),
('a1111111-1111-1111-1111-111111111111', 2),
('a2222222-2222-2222-2222-222222222222', 1),
('a3333333-3333-3333-3333-333333333333', 2),
('b1111111-1111-1111-1111-111111111111', 1),
('b1111111-1111-1111-1111-111111111111', 4),
('b2222222-2222-2222-2222-222222222222', 2),
('b3333333-3333-3333-3333-333333333333', 4),
('c1111111-1111-1111-1111-111111111111', 1),
('c2222222-2222-2222-2222-222222222222', 5),
('c3333333-3333-3333-3333-333333333333', 2),
('d1111111-1111-1111-1111-111111111111', 3),
('d1111111-1111-1111-1111-111111111111', 1),
('d2222222-2222-2222-2222-222222222222', 3),
('d3333333-3333-3333-3333-333333333333', 3)
ON CONFLICT DO NOTHING;

-- 9. 배너 (banners)
INSERT INTO banners (id, title, image_url, link_url, sort_no, is_active, banner_position_id, created_at, updated_at) VALUES
(10, '봉선장 신선수산 GRAND OPEN', 'https://images.unsplash.com/photo-1519708227418-c8fd9a32b7a2?w=800&h=400&fit=crop', '/category/제철수산', 1, true, 1, NOW(), NOW()),
(11, '제철 수산물 할인전', 'https://images.unsplash.com/photo-1559737558-2f5a35f4523b?w=800&h=400&fit=crop', '/category/제철수산', 2, true, 1, NOW(), NOW()),
(12, '급랭 수산물 특가', 'https://images.unsplash.com/photo-1544551763-46a013bb70d5?w=800&h=400&fit=crop', '/category/당일수산', 3, true, 1, NOW(), NOW())
ON CONFLICT (id) DO NOTHING;

-- 10. 데모 사용자 (users) - 리뷰용
INSERT INTO users (id, email, name, password, phone, "createdAt", "updatedAt") VALUES
('cb171eab-09dd-469f-9015-234141d3e5c1', 'demo1@bongseonjang.com', '김수산', '$2b$10$rQZ8r5EXQnQwQnPU5xyXx.dummyhash', '010-1234-5678', NOW(), NOW()),
('e3e7d1c1-8a66-470b-bdb3-a4d2b690f5ea', 'demo2@bongseonjang.com', '이해산', '$2b$10$rQZ8r5EXQnQwQnPU5xyXx.dummyhash', '010-9876-5432', NOW(), NOW())
ON CONFLICT (id) DO NOTHING;

-- 11. 리뷰 (reviews)
INSERT INTO reviews (id, "productId", "userId", rating, content, "createdAt", "updatedAt") VALUES
('bbbb8888-8888-8888-8888-888888888885', 'c1111111-1111-1111-1111-111111111111', 'cb171eab-09dd-469f-9015-234141d3e5c1', 4, '광어회가 신선하고 맛있었어요! 손질도 깔끔하게 되어있어서 바로 먹기 좋았습니다. 다음엔 우럭도 시켜볼게요.', NOW() - INTERVAL '20 days', NOW() - INTERVAL '20 days'),
('bbbb8888-8888-8888-8888-888888888884', 'd1111111-1111-1111-1111-111111111111', 'e3e7d1c1-8a66-470b-bdb3-a4d2b690f5ea', 5, '명란젓 퀄리티가 백화점급이에요! 알이 톡톡 터지면서 짭쪼름한 맛이 정말 좋습니다. 가격 대비 최고예요.', NOW() - INTERVAL '15 days', NOW() - INTERVAL '15 days'),
('bbbb8888-8888-8888-8888-888888888883', 'b2222222-2222-2222-2222-222222222222', 'cb171eab-09dd-469f-9015-234141d3e5c1', 5, '갈치 크기가 진짜 대박이에요! 구이로 해먹었는데 살이 통통하고 기름기가 적당해서 온 가족이 맛있게 먹었어요.', NOW() - INTERVAL '12 days', NOW() - INTERVAL '12 days'),
('bbbb8888-8888-8888-8888-888888888881', 'a1111111-1111-1111-1111-111111111111', 'e3e7d1c1-8a66-470b-bdb3-a4d2b690f5ea', 5, '전복이 정말 크고 싱싱해요! 회로 먹었는데 쫄깃하고 달콤한 맛이 일품입니다. 포장도 꼼꼼하게 해주셔서 감사해요.', NOW() - INTERVAL '10 days', NOW() - INTERVAL '10 days'),
('bbbb8888-8888-8888-8888-888888888882', 'a2222222-2222-2222-2222-222222222222', 'e3e7d1c1-8a66-470b-bdb3-a4d2b690f5ea', 4, '꽃게 살이 꽉 차있고 맛있었어요. 배송이 빨라서 좋았는데, 한 마리가 살짝 작았어요. 그래도 전체적으로 만족합니다!', NOW() - INTERVAL '8 days', NOW() - INTERVAL '8 days'),
('bbbb1111-1111-1111-1111-111111111111', 'a1111111-1111-1111-1111-111111111111', 'cb171eab-09dd-469f-9015-234141d3e5c1', 5, '정말 싱싱한 전복이었어요! 크기도 크고 살이 통통해서 가족들이 너무 좋아했습니다. 회로 먹어도 맛있고 버터구이로 해도 최고였어요. 재구매 의사 200%입니다!', NOW() - INTERVAL '4 days', NOW() - INTERVAL '4 days'),
('bbbb1111-1111-1111-1111-111111111112', 'a2222222-2222-2222-2222-222222222222', 'cb171eab-09dd-469f-9015-234141d3e5c1', 5, '꽃게가 살아있는 상태로 왔어요! 너무 신선해서 놀랐습니다. 찜으로 해먹었는데 살이 꽉 차있고 게장용으로도 완벽할 것 같아요.', NOW() - INTERVAL '4 days', NOW() - INTERVAL '4 days'),
('bbbb6666-6666-6666-6666-666666666662', 'd3333333-3333-3333-3333-333333333333', 'e3e7d1c1-8a66-470b-bdb3-a4d2b690f5ea', 4, '낙지젓 처음 먹어봤는데 밥도둑이네요! 살짝 매콤하면서도 감칠맛이 있어서 밥이 술술 넘어갑니다. 양이 조금만 더 많았으면 좋겠어요.', NOW() - INTERVAL '3 days', NOW() - INTERVAL '3 days'),
('bbbb6666-6666-6666-6666-666666666661', 'c3333333-3333-3333-3333-333333333333', 'e3e7d1c1-8a66-470b-bdb3-a4d2b690f5ea', 5, '볶음용으로 손질되어 있어서 정말 편했어요! 오징어볶음, 오징어덮밥 해먹었는데 식감이 너무 좋았습니다. 앞으로 여기서 계속 주문할게요!', NOW() - INTERVAL '3 days', NOW() - INTERVAL '3 days'),
('bbbb2222-2222-2222-2222-222222222221', 'b1111111-1111-1111-1111-111111111111', 'cb171eab-09dd-469f-9015-234141d3e5c1', 4, '손질이 깔끔하게 되어있어서 바로 구워먹기 좋았어요. 고등어 특유의 비린내도 없고 살이 부드러웠습니다. 다만 크기가 생각보다 조금 작았어요.', NOW() - INTERVAL '3 days', NOW() - INTERVAL '3 days')
ON CONFLICT (id) DO NOTHING;

-- 완료 메시지
SELECT '프로덕션 시드 데이터 삽입 완료!' as result;
